,batchSize_,imgsPerSecAll_mean,imgsPerSecAll_std,experiment_max,imgsPerSecAll_max,imgsPerSecAll_min
0,1,196.99243248964962,0.31653597703023356,16_bit_mode,197.30896846667986,196.67589651261937
1,2,227.60093991038661,0.6721722689403983,16_bit_mode,228.273112179327,226.92876764144623
2,4,248.49074115402505,0.4002173725642857,16_bit_mode,248.89095852658934,248.09052378146075
3,8,257.9183828520378,1.1169857731622075,16_bit_mode,259.03536862519996,256.8013970788756
4,16,264.8715783186197,1.2230845109666875,16_bit_mode,266.0946628295864,263.648493807653
5,32,267.7249366866605,1.5027355318685993,16_bit_mode,269.2276722185291,266.2222011547919
6,64,268.9018628730926,3.1516374538476435,16_bit_mode,272.05350032694025,265.750225419245
